name     ,  rank,   score, probability, sas_points, surf_atoms,   center_x,   center_y,   center_z, residue_ids, surf_atom_ids
pocket1  ,     1,   55.49,       0.954,        301,        153,    47.9662,    48.2844,    65.1192, A_25 A_26 A_27 B_145 B_146 B_149 B_150 B_152 B_153 B_156 B_157 B_158 B_159 D_350 D_352 D_356 D_358 D_359 D_361 D_362 D_365 D_366 D_370 D_371 D_372 D_375 D_376 E_392 E_393 E_396 E_399 E_400 E_401 E_402 F_481 F_483 F_485 F_511 F_512 F_514 F_515 F_516 F_518 F_519 F_523 F_524 F_526 F_527 F_530 F_531 H_741 H_744 H_745, 416 427 442 443 2319 2320 2322 2323 2324 2332 2334 2336 2341 2385 2387 2396 2397 2419 2428 2429 2430 2431 2432 2433 2437 2484 2485 2486 2487 2489 2497 2498 2500 2501 2503 2505 2506 2508 2519 2523 2524 2532 2533 2534 2535 2536 2537 5705 5707 5739 5740 5741 5814 5815 5837 5838 5839 5840 5856 5883 5886 5900 5901 5948 5950 5951 5952 5969 5970 5978 6043 6054 6061 6077 6078 6122 6123 6124 6128 6130 6131 6132 6367 6389 6390 6447 6448 6513 6530 6541 6554 6556 6557 7794 7795 7796 7844 7867 7868 7870 7872 7873 8286 8298 8299 8301 8333 8345 8346 8347 8348 8349 8350 8357 8358 8359 8361 8390 8391 8393 8394 8396 8410 8411 8412 8413 8414 8416 8477 8478 8479 8483 8487 8488 8489 8510 8511 8512 8513 8522 8523 8524 8525 8576 8593 12094 12095 12097 12142 12144 12147 12162 12164
pocket2  ,     2,   41.14,       0.917,        248,        102,    20.0688,    50.6616,    54.6975, A_102 A_103 A_72 A_73 A_76 A_79 A_82 A_86 A_87 A_88 A_89 A_94 A_95 A_96 A_98 C_287 C_289 C_290 C_292 C_293 E_462 G_591 G_631 G_633 G_634 G_635 G_637 G_638 G_639 G_641 G_642 G_663 G_667 G_668 G_669 H_693 H_694 H_746 H_747 H_748, 1143 1144 1145 1146 1148 1158 1160 1207 1208 1209 1210 1211 1215 1258 1260 1263 1306 1307 1308 1309 1311 1381 1386 1387 1388 1389 1390 1391 1393 1413 1426 1493 1498 1500 1513 1517 1518 1520 1551 1612 1626 4642 4643 4647 4690 4705 4706 4707 4726 4736 4751 4752 7504 7505 9592 10272 10295 10305 10306 10308 10314 10315 10316 10318 10319 10325 10357 10370 10371 10372 10377 10378 10379 10381 10420 10421 10422 10436 10776 10851 10852 10853 10854 10855 10859 10874 10875 10876 10880 10882 10884 10885 10886 11316 11331 12193 12203 12205 12210 12212 12213 12215
pocket3  ,     3,   31.76,       0.871,        238,        102,    37.4215,    39.0357,    45.8514, C_213 C_216 C_252 C_253 C_255 C_256 C_257 C_259 C_260 C_261 C_263 C_264 C_289 C_290 C_291 D_311 D_314 D_316 D_367 D_368 D_369 E_447 E_451 E_454 E_457 E_461 E_462 E_463 E_464 E_465 E_469 E_470 E_471 E_472 E_473 E_475 G_665 G_666 G_667 G_668 G_670 G_671, 3423 3472 3473 4089 4103 4122 4125 4127 4128 4136 4137 4139 4145 4146 4156 4187 4188 4189 4190 4191 4201 4202 4203 4204 4208 4249 4251 4252 4253 4266 4267 4682 4683 4685 4686 4690 4707 4713 4714 4716 5064 5117 5119 5145 6000 6010 6012 6020 6021 6022 7257 7258 7259 7260 7321 7322 7323 7324 7325 7329 7370 7422 7423 7494 7495 7500 7502 7505 7506 7521 7527 7539 7540 7551 7558 7604 7605 7606 7607 7613 7614 7615 7629 7630 7631 7634 7652 7665 7699 10811 10812 10816 10837 10859 10874 10876 10905 10920 10921 10922 10923 10924
pocket4  ,     4,   25.77,       0.810,        131,         68,    29.5886,    54.6276,    75.5227, A_21 A_24 A_25 A_27 B_109 B_138 B_141 B_142 B_144 B_145 F_527 F_530 F_531 F_533 H_736 H_737 H_740 H_741 H_744 H_750 H_751 H_753 H_754 H_755, 331 333 334 336 395 396 397 414 439 1748 1749 1750 1751 1752 2206 2209 2253 2254 2255 2258 2265 2266 2267 2268 2269 2300 2301 2302 2304 2318 2320 2321 2322 8522 8576 8577 8578 8579 8581 8590 8593 8600 8625 8626 8627 8628 12022 12028 12029 12030 12031 12032 12033 12035 12075 12076 12097 12145 12254 12270 12271 12304 12314 12315 12316 12317 12321 12325
pocket5  ,     5,   23.40,       0.779,        228,        100,    37.6509,    58.3705,    52.9000, A_80 A_83 A_84 B_146 B_166 B_169 B_173 B_174 B_175 B_176 B_177 B_178 B_179 B_181 B_182 B_185 C_236 C_237 C_257 C_290 C_291 D_331 D_334 D_335 D_337 D_338 D_339 D_341 D_342 D_344 D_345 D_348 D_366 D_367 D_369, 1274 1275 1278 1320 1321 1322 1323 1324 1326 1344 2337 2652 2709 2710 2711 2763 2764 2765 2766 2767 2768 2772 2792 2793 2805 2806 2810 2811 2812 2831 2843 2846 2847 2857 2858 2864 2869 2900 2901 2902 2908 2909 2911 2913 2914 2959 2960 2961 3829 3830 3831 3832 3833 3835 3850 3851 4150 4151 4707 4712 4713 4716 4717 4718 4719 5388 5444 5447 5458 5461 5462 5500 5501 5513 5514 5515 5516 5529 5562 5564 5565 5566 5570 5588 5589 5610 5626 5675 5676 5677 5974 5978 5993 5994 5995 5997 6000 6019 6021 6022
pocket6  ,     6,   14.65,       0.567,        166,         69,    29.8552,    34.6625,    68.4558, A_87 E_458 E_462 F_547 F_548 F_549 F_550 F_551 F_552 F_553 F_556 G_613 G_614 G_669 H_713 H_714 H_716 H_717 H_720 H_721 H_724 H_725 H_727 H_742 H_745 H_746 H_748, 1391 7437 7438 7504 8856 8857 8858 8860 8864 8885 8904 8922 8923 8935 8938 8939 8949 8950 8956 8959 8962 9004 9984 9998 9999 10881 10882 10883 10886 10888 11636 11638 11640 11654 11697 11706 11707 11708 11709 11711 11755 11756 11757 11758 11759 11779 11780 11781 11782 11819 11837 11868 11869 11870 12111 12114 12164 12165 12167 12171 12185 12186 12188 12189 12190 12191 12192 12193 12215
pocket7  ,     7,   11.41,       0.432,         70,         24,    47.2519,    71.2593,    74.1410, A_32 A_33 A_34 A_35 B_163 B_164 B_165 B_166 B_192 B_195 B_196, 520 521 523 527 529 537 538 544 546 2610 2623 2624 2625 2626 2636 2639 2649 3054 3055 3056 3108 3109 3128 3129
pocket8  ,     8,    9.58,       0.345,         95,         44,     9.0242,    52.8846,    63.8810, A_68 A_69 A_90 A_92 A_93 A_94 A_95 A_97 G_591 G_592 G_593 G_594 G_595 G_596 G_597 G_630 G_633 G_634 H_693, 1067 1083 1084 1085 1086 1444 1467 1468 1471 1473 1474 1485 1490 1491 1501 1503 1533 9594 9604 9605 9606 9625 9627 9628 9629 9630 9636 9637 9639 9658 9666 9669 9684 10258 10259 10261 10291 10293 10294 10295 10304 10306 11311 11312
pocket9  ,     9,    7.84,       0.255,         62,         25,    48.0896,    37.6914,    85.7656, E_406 E_407 E_408 E_409 F_534 F_536 F_538 F_539 F_566 F_567 F_569 F_570 F_573, 6624 6635 6641 6643 6651 6652 8652 8685 8716 8717 8730 8731 9147 9148 9150 9161 9163 9165 9207 9218 9219 9220 9256 9257 9258
pocket10 ,    10,    6.10,       0.168,         58,         25,     7.9738,    63.0103,    58.7184, A_57 A_60 A_61 A_63 A_67 A_69 A_70 A_73 A_96 A_97 G_592, 880 925 927 932 933 934 935 936 937 973 974 1052 1084 1085 1086 1089 1090 1110 1111 1161 1516 1534 1538 9606 9607
pocket11 ,    11,    5.91,       0.159,         53,         21,    36.6679,    71.0076,    83.6673, A_14 A_16 A_17 A_19 A_20 A_23 A_4 A_5 A_6, 58 59 60 68 70 71 73 74 95 214 215 241 242 243 244 248 292 308 310 311 373
pocket12 ,    12,    5.64,       0.148,         53,         22,    29.8851,    75.9811,    67.6783, A_10 A_11 A_12 A_41 A_44 A_45 A_48 B_121 B_122 B_187 B_190 B_194, 151 160 179 180 636 682 685 687 695 698 699 750 1965 1980 2986 2987 2988 2990 2992 3024 3026 3088
pocket13 ,    13,    4.94,       0.119,         25,         20,    32.8991,    31.8189,    36.2158, C_206 C_209 C_213 C_263 C_266 D_316 D_318 E_472 E_473 E_478 E_479, 3275 3332 3334 3422 3423 4252 4293 5145 5147 5170 5172 7649 7660 7662 7667 7739 7741 7742 7743 7762
pocket14 ,    14,    3.87,       0.078,         52,         26,    30.9053,    52.8989,    63.1346, A_84 A_85 A_87 A_88 B_142 B_146 B_150 B_175 D_366 H_744 H_747 H_748 H_749, 1347 1360 1364 1365 1385 1387 1411 2269 2270 2333 2334 2335 2336 2337 2396 2810 5978 12140 12141 12144 12147 12203 12204 12209 12233 12236
pocket15 ,    15,    3.74,       0.073,         41,         21,    56.5145,    43.6672,    54.3282, C_245 D_357 D_373 D_374 D_375 D_376 F_508 F_511, 3986 3987 5827 6097 6102 6109 6110 6111 6121 6122 6123 6124 6128 6129 6130 6131 6132 8240 8242 8284 8287
pocket16 ,    16,    3.71,       0.072,         43,         18,    18.4081,    60.2959,    77.5729, B_107 B_110 B_112 B_130 B_134 B_137 H_752 H_753 H_755, 1698 1699 1701 1708 1764 1795 1796 2089 2092 2148 2150 2195 12290 12295 12302 12303 12304 12324
pocket17 ,    17,    3.66,       0.070,         55,         28,    38.5564,    42.4521,    59.6882, D_365 D_368 D_370 E_457 E_458 E_459 E_461 E_462 E_463 F_516 F_519 F_520 F_549 H_745, 5949 5950 5954 6010 6044 7425 7440 7461 7492 7493 7494 7499 7501 7502 7503 7504 7507 7524 8361 8414 8424 8425 8426 8427 8429 8433 8901 12167
pocket18 ,    18,    3.17,       0.053,         39,         18,    51.0214,    25.4502,    42.5871, E_432 E_436 E_438 E_440 E_442 E_444 E_445, 6994 7048 7049 7051 7085 7087 7088 7128 7164 7165 7166 7197 7199 7203 7204 7223 7224 7225
pocket19 ,    19,    3.17,       0.053,         31,         17,    37.4300,    40.8519,    84.0043, F_532 F_538 F_540 F_541 H_727 H_728 H_730, 8615 8718 8741 8742 8743 8744 8768 8769 11872 11880 11883 11884 11888 11909 11910 11911 11912
pocket20 ,    20,    3.03,       0.048,         45,         18,    61.0821,    39.0099,    77.1355, E_390 E_391 E_392 E_395 F_569 F_571 F_572, 6343 6355 6356 6357 6358 6362 6363 6364 6366 6368 6424 6425 9201 9202 9233 9234 9236 9243
pocket21 ,    21,    3.02,       0.048,         43,         17,    63.6349,    28.0015,    56.0786, E_440 F_487 F_490 F_493 F_494 F_501 F_502, 7121 7122 7901 7954 7955 7956 7957 7958 7960 7961 7963 8016 8035 8143 8149 8152 8156
pocket22 ,    22,    2.99,       0.047,         44,         25,    20.7391,    33.3372,    42.1508, C_267 C_270 C_271 E_475 E_476 E_477 G_658 G_661 G_662 G_665, 4309 4349 4361 4362 4363 4365 4366 7698 7712 7720 7722 7723 7724 10685 10686 10687 10691 10738 10741 10743 10744 10753 10754 10757 10809
pocket23 ,    23,    2.43,       0.031,         35,          9,    -0.6026,    58.6560,    52.1362, A_97 G_576 G_585 G_588 G_592, 1534 9316 9462 9464 9465 9522 9523 9607 9609
pocket24 ,    24,    2.27,       0.026,         36,         17,    22.4872,    49.5511,    79.7780, B_107 G_621 G_623 H_731 H_735 H_736 H_737 H_753, 1702 10130 10131 10156 11932 11934 12006 12007 12008 12020 12028 12029 12030 12032 12296 12302 12304
pocket25 ,    25,    2.25,       0.026,         40,         18,    48.1767,    22.7837,    68.1153, E_416 E_419 E_420 E_423 E_424 F_495 F_557 F_560 F_561, 6752 6798 6809 6810 6812 6813 6814 6819 6864 6872 8055 8056 8058 9028 9031 9067 9078 9082
pocket26 ,    26,    2.22,       0.025,         30,         12,    13.6820,    34.1978,    38.1118, C_270 C_271 G_650 G_652 G_656 G_658, 4349 4362 4365 4366 4370 10549 10551 10583 10584 10657 10688 10689
pocket27 ,    27,    2.03,       0.020,         11,         17,    22.2797,    60.9895,    64.1133, A_50 A_71 A_75 A_85 A_90 B_135 B_139 H_751, 776 777 1123 1124 1125 1189 1361 1363 1364 1442 2157 2218 2219 2220 2221 12274 12275
pocket28 ,    28,    2.00,       0.019,         30,         18,    44.3704,    55.2308,    81.6904, A_23 A_24 A_26 A_28 A_29 E_401 E_404 F_534 F_535, 369 377 392 399 424 458 459 465 473 6538 6579 6581 6584 8647 8655 8670 8672 8673
pocket29 ,    29,    1.91,       0.017,         19,         11,    39.7224,    28.7098,    63.0690, E_421 E_424 E_455 E_456 E_459 F_550 F_551 F_554, 6834 6878 7386 7391 7392 7404 7458 8921 8936 8937 8976
pocket30 ,    30,    1.86,       0.016,         29,         15,    28.9738,    35.7375,    21.9433, C_200 C_201 C_202 C_276 D_318 D_319, 3188 3190 3191 3192 3196 3211 3224 3225 4454 5175 5190 5191 5192 5193 5195
pocket31 ,    31,    1.84,       0.015,         33,         22,    19.1833,    50.0233,    41.0301, A_105 A_106 C_280 C_283 C_284 C_287 C_292 G_645 G_648, 1662 1663 1681 1682 1683 4517 4519 4522 4569 4575 4585 4586 4588 4639 4640 4729 4730 4732 10476 10478 10513 10514
pocket32 ,    32,    1.81,       0.015,         10,         11,    46.7744,    33.9353,    55.2806, D_372 E_425 E_446 E_450 E_465 F_509 F_510 F_513, 6081 6082 6890 7237 7240 7242 7303 7556 8249 8269 8309
pocket33 ,    33,    1.70,       0.012,          7,         10,    39.0629,    48.8147,    34.5914, C_258 C_262 D_303 D_308 D_311 D_328 D_329 D_332, 4170 4234 4917 4997 4998 5065 5342 5353 5354 5405
pocket34 ,    34,    1.64,       0.011,         16,         13,    52.0870,    42.6636,    43.9049, C_216 C_217 C_218 C_248 C_252 D_374 E_467 F_505, 3473 3482 3496 3499 3500 4024 4026 4090 6106 6107 7583 7586 8196
pocket35 ,    35,    1.62,       0.011,         25,         12,    53.1262,    64.1796,    65.2584, B_158 B_160 B_166 B_167 D_349 D_351, 2521 2522 2523 2559 2560 2651 2677 5690 5695 5717 5718 5719
pocket36 ,    36,    1.59,       0.010,         27,         10,    37.6567,    64.8786,    45.7761, C_235 C_236 D_333 D_337 D_341, 3817 3818 3832 3833 5425 5499 5500 5501 5502 5564
pocket37 ,    37,    1.51,       0.009,         20,         11,    36.4341,    39.5450,    24.7902, C_201 C_208 D_309 D_313 D_320, 3211 3212 3320 5015 5016 5017 5092 5094 5095 5217 5218
pocket38 ,    38,    0.83,       0.002,          4,          4,    11.5513,    41.4930,    64.9192, G_597 G_603 G_629 G_632, 9689 9808 10244 10280
pocket39 ,    39,    0.78,       0.001,          3,          6,    19.8133,    41.6033,    41.4333, C_284 G_646 G_649 G_662, 4589 10491 10532 10533 10537 10758
